{"cameraMode":{"drawMode":0,"name":"Shaded","section":"Shading Mode"},"sceneLighting":true,"audioPlay":false,"sceneViewState":{"showFog":true,"showMaterialUpdate":false,"showSkybox":true,"showFlares":true,"showImageEffects":true,"showParticleSystems":true},"in2DMode":false,"pivot":{"x":0.5952810049057007,"y":0.3889957666397095,"z":0.3440362811088562},"rotation":{"x":-0.04208735376596451,"y":0.7818989157676697,"z":-0.053101833909749988,"w":-0.6197161674499512},"size":0.43606817722320559,"orthographic":false}