{"cameraMode":{"drawMode":0,"name":"Shaded","section":"Shading Mode"},"sceneLighting":true,"audioPlay":false,"sceneViewState":{"showFog":true,"showMaterialUpdate":false,"showSkybox":true,"showFlares":true,"showImageEffects":true,"showParticleSystems":true},"in2DMode":false,"pivot":{"x":-0.06633341312408447,"y":1.2242021560668946,"z":-1.7290937900543213},"rotation":{"x":0.029890669509768487,"y":0.969947874546051,"z":-0.16150975227355958,"w":0.17950868606567384},"size":1.2173597812652588,"orthographic":false}