{"cameraMode":{"drawMode":0,"name":"Shaded","section":"Shading Mode"},"sceneLighting":true,"audioPlay":false,"sceneViewState":{"showFog":true,"showMaterialUpdate":false,"showSkybox":true,"showFlares":true,"showImageEffects":true,"showParticleSystems":true},"in2DMode":false,"pivot":{"x":1.6396458148956299,"y":1.0708153247833253,"z":-2.3815512657165529},"rotation":{"x":0.01586986519396305,"y":0.9311434030532837,"z":-0.040819160640239719,"w":0.36201444268226626},"size":3.039153814315796,"orthographic":false}